date,open,high,low,close,volume
2020-09-14T02:15,13.87,13.87,13.87,13.87,200
2020-09-14T02:17,13.89,13.89,13.89,13.89,800
2020-09-14T02:31,13.9,13.9,13.9,13.9,10
2020-09-14T02:51,13.92,13.92,13.92,13.92,300
2020-09-14T03:02,13.96,13.96,13.96,13.96,250
2020-09-14T03:41,13.93,13.93,13.93,13.93,600
2020-09-14T03:43,13.93,13.93,13.93,13.93,100
2020-09-14T03:45,13.93,13.93,13.93,13.93,100
2020-09-14T03:58,13.9,13.9,13.9,13.9,5250
2020-09-14T04:09,13.91,13.91,13.91,13.91,150
2020-09-14T04:27,13.94,13.94,13.94,13.94,1150
2020-09-14T06:01,13.95,13.95,13.94,13.94,95650
2020-09-14T06:03,13.95,13.95,13.95,13.95,40000
2020-09-14T06:04,13.95,13.95,13.95,13.95,1000
2020-09-14T06:12,13.95,13.95,13.95,13.95,70
2020-09-14T06:48,13.91,13.91,13.91,13.91,1000
2020-09-14T07:02,13.91,13.91,13.91,13.91,4560
2020-09-14T07:08,13.95,13.95,13.95,13.95,10
2020-09-14T07:19,13.92,13.92,13.92,13.92,1870
2020-09-14T07:46,13.95,13.95,13.95,13.95,270
2020-09-15T02:15,13.9,13.9,13.9,13.9,1010
2020-09-15T02:35,13.93,13.93,13.93,13.93,17090
2020-09-15T02:38,13.93,13.93,13.93,13.93,2000
2020-09-15T02:46,13.93,13.93,13.93,13.93,1000
2020-09-15T03:05,13.91,13.91,13.91,13.91,7700
2020-09-15T03:06,13.92,13.92,13.92,13.92,140
2020-09-15T03:17,13.93,13.93,13.93,13.93,10
2020-09-15T03:18,13.95,13.95,13.95,13.95,50
2020-09-15T03:21,13.95,13.95,13.95,13.95,20
2020-09-15T03:29,13.95,13.95,13.95,13.95,1080
2020-09-15T03:36,13.97,13.97,13.97,13.97,60
2020-09-15T03:39,13.95,13.95,13.95,13.95,200
2020-09-15T03:40,13.96,13.96,13.96,13.96,1430
2020-09-15T03:55,13.97,13.97,13.97,13.97,1260
2020-09-15T03:59,13.96,13.96,13.96,13.96,2060
2020-09-15T04:08,13.96,13.96,13.96,13.96,1000
2020-09-15T04:10,13.95,13.95,13.95,13.95,300
2020-09-15T04:14,13.96,13.96,13.96,13.96,300
2020-09-15T04:18,13.96,13.96,13.96,13.96,550
2020-09-15T06:00,13.97,13.97,13.97,13.97,760
2020-09-15T06:02,13.97,13.97,13.97,13.97,990
2020-09-15T06:14,13.97,13.97,13.97,13.97,1770
2020-09-15T06:16,13.97,13.97,13.97,13.97,3700
2020-09-15T06:19,13.97,13.97,13.97,13.97,2000
2020-09-15T06:21,13.96,13.96,13.96,13.96,1440
2020-09-15T06:31,13.97,13.97,13.97,13.97,100000
2020-09-15T06:32,13.97,13.97,13.97,13.97,40000
2020-09-15T06:33,13.97,13.97,13.97,13.97,2810
2020-09-15T06:40,13.97,13.97,13.97,13.97,1000
2020-09-15T06:56,13.97,13.97,13.97,13.97,920
2020-09-15T07:05,13.97,13.97,13.97,13.97,30
2020-09-15T07:10,13.97,13.97,13.97,13.97,40
2020-09-15T07:14,13.96,13.96,13.96,13.96,1000
2020-09-15T07:17,13.95,13.95,13.94,13.94,820
2020-09-15T07:46,13.97,13.97,13.97,13.97,200
2020-09-16T02:15,13.97,13.97,13.97,13.97,680
2020-09-16T02:16,13.97,13.97,13.96,13.97,230
2020-09-16T02:18,13.95,13.95,13.95,13.95,5000
2020-09-16T02:20,13.95,13.95,13.95,13.95,2000
2020-09-16T02:23,13.96,13.96,13.96,13.96,50
2020-09-16T02:32,13.93,13.93,13.93,13.93,1040
2020-09-16T02:33,13.93,13.93,13.93,13.93,200
2020-09-16T02:52,13.94,13.94,13.94,13.94,30
2020-09-16T02:55,13.95,13.95,13.95,13.95,10
2020-09-16T02:56,13.94,13.94,13.94,13.94,400
2020-09-16T02:59,13.94,13.94,13.94,13.94,4610
2020-09-16T03:05,13.95,13.95,13.95,13.95,2090
2020-09-16T03:11,13.95,13.95,13.95,13.95,90
2020-09-16T03:14,13.95,13.95,13.95,13.95,310
2020-09-16T03:32,13.96,13.96,13.96,13.96,240
2020-09-16T03:33,13.96,13.96,13.96,13.96,260
2020-09-16T03:46,13.96,13.96,13.96,13.96,1000
2020-09-16T04:08,13.96,13.96,13.96,13.96,2000
2020-09-16T04:16,13.96,13.96,13.96,13.96,100
2020-09-16T06:00,13.96,13.96,13.96,13.96,20
2020-09-16T06:02,13.93,13.93,13.93,13.93,680
2020-09-16T06:24,13.93,13.93,13.93,13.93,1390
2020-09-16T06:36,13.96,13.96,13.96,13.96,250
2020-09-16T06:44,13.94,13.94,13.94,13.94,500
2020-09-16T07:04,13.96,13.96,13.96,13.96,200
2020-09-16T07:06,13.96,13.96,13.96,13.96,300
2020-09-16T07:46,14,14,14,14,600
2020-09-17T02:15,14,14,14,14,2950
2020-09-17T02:18,13.96,13.96,13.96,13.96,230
2020-09-17T02:19,13.97,13.97,13.96,13.96,200
2020-09-17T02:34,13.96,13.96,13.96,13.96,200
2020-09-17T02:38,13.96,13.96,13.96,13.96,100
2020-09-17T02:41,13.96,13.96,13.96,13.96,750
2020-09-17T03:03,13.97,13.97,13.97,13.97,103000
2020-09-17T03:09,13.99,13.99,13.99,13.99,2000
2020-09-17T03:16,13.99,13.99,13.99,13.99,95000
2020-09-17T04:25,14,14,14,14,1000
2020-09-17T06:00,14,14,14,14,1810
2020-09-17T06:02,14,14,14,14,1890
2020-09-17T06:13,14,14,14,14,50
2020-09-17T06:20,13.98,13.98,13.98,13.98,200
2020-09-17T06:33,13.95,13.95,13.95,13.95,100000
2020-09-17T06:35,13.93,13.93,13.93,13.93,600
2020-09-17T06:53,13.91,13.91,13.91,13.91,10000
2020-09-17T06:54,13.94,13.94,13.94,13.94,80
2020-09-17T06:58,13.92,13.92,13.92,13.92,99920
2020-09-17T07:01,13.92,13.92,13.92,13.92,4380
2020-09-17T07:03,13.93,13.93,13.93,13.93,400
2020-09-17T07:46,14,14,14,14,210
2020-09-18T02:15,14.04,14.04,14.04,14.04,100
2020-09-18T02:18,14.02,14.02,14.02,14.02,160
2020-09-18T02:21,14,14,14,14,1110
2020-09-18T02:22,14,14,14,14,400
2020-09-18T02:26,14,14,14,14,670
2020-09-18T02:39,14.01,14.01,14.01,14.01,1000
2020-09-18T02:49,14,14,14,14,30
2020-09-18T02:50,14,14,14,14,500
2020-09-18T02:55,14,14,14,14,500
2020-09-18T03:09,14.02,14.02,14.01,14.01,104000
2020-09-18T03:13,14.02,14.02,14.02,14.02,97320
2020-09-18T03:15,14.02,14.02,14.02,14.02,80000
2020-09-18T03:16,14.02,14.02,14.02,14.02,2000
2020-09-18T03:20,14.02,14.02,14.02,14.02,260
2020-09-18T03:25,14.02,14.02,14.02,14.02,143000
2020-09-18T03:37,14.03,14.03,14.03,14.03,103680
2020-09-18T03:38,14.02,14.03,14.02,14.03,92000
2020-09-18T03:40,14.04,14.04,14.04,14.04,890
2020-09-18T03:45,14.04,14.04,14.04,14.04,30000
2020-09-18T03:57,14.05,14.05,14.05,14.05,103680
2020-09-18T04:01,14.05,14.05,14.05,14.05,4260
2020-09-18T04:10,14.05,14.05,14.05,14.05,45740
2020-09-18T06:00,14.05,14.05,14.05,14.05,580
2020-09-18T06:01,14.05,14.05,14.05,14.05,9640
2020-09-18T06:05,14.04,14.04,14.04,14.04,4000
2020-09-18T06:16,14.07,14.07,14.07,14.07,95430
2020-09-18T06:17,14.07,14.07,14.07,14.07,60000
2020-09-18T06:18,14.06,14.06,14.06,14.06,6620
2020-09-18T06:33,14.04,14.04,14.04,14.04,200
2020-09-18T06:39,14.04,14.04,14.04,14.04,109840
2020-09-18T06:47,14.04,14.04,14.04,14.04,70
2020-09-18T06:49,14.05,14.05,14.05,14.05,40
2020-09-18T06:50,14.06,14.06,14.06,14.06,96280
2020-09-18T06:52,14.06,14.06,14.06,14.06,300
2020-09-18T06:56,14.06,14.06,14.06,14.06,500
2020-09-18T06:58,14.09,14.09,14.09,14.09,4870
2020-09-18T07:07,14.09,14.09,14.09,14.09,3100
2020-09-18T07:09,14.1,14.1,14.1,14.1,36930
2020-09-18T07:11,14.1,14.1,14.1,14.1,2200
2020-09-18T07:12,14.1,14.1,14.1,14.1,10000
2020-09-18T07:13,14.1,14.1,14.1,14.1,20000
2020-09-18T07:15,14.1,14.1,14.1,14.1,10000
2020-09-18T07:16,14.1,14.1,14.1,14.1,59240
2020-09-18T07:22,14.12,14.12,14.12,14.12,30000
2020-09-18T07:28,14.15,14.15,14.15,14.15,790
2020-09-18T07:29,14.2,14.2,14.2,14.2,5130
2020-09-18T07:46,14.2,14.2,14.2,14.2,280
2020-09-21T02:15,14.3,14.3,14.3,14.3,2930
2020-09-21T02:18,14.2,14.24,14.2,14.24,1980
2020-09-21T02:20,14.2,14.2,14.2,14.2,5250
2020-09-21T02:41,14.22,14.22,14.22,14.22,310
2020-09-21T02:46,14.24,14.24,14.24,14.24,200000
2020-09-21T02:47,14.24,14.24,14.24,14.24,60000
2020-09-21T02:48,14.24,14.24,14.23,14.23,35000
2020-09-21T02:49,14.24,14.24,14.24,14.24,103680
2020-09-21T02:50,14.24,14.24,14.24,14.24,300
2020-09-21T02:52,14.23,14.23,14.23,14.23,5000
2020-09-21T02:53,14.23,14.23,14.23,14.23,5000
2020-09-21T03:23,14.24,14.24,14.24,14.24,104730
2020-09-21T03:24,14.24,14.24,14.24,14.24,36000
2020-09-21T03:36,14.28,14.28,14.28,14.28,850
2020-09-21T03:39,14.24,14.24,14.24,14.24,2620
2020-09-21T03:51,14.25,14.25,14.25,14.25,3000
2020-09-21T03:54,14.25,14.25,14.25,14.25,12000
2020-09-21T03:57,14.25,14.25,14.25,14.25,260
2020-09-21T03:58,14.25,14.25,14.25,14.25,10680
2020-09-21T04:04,14.24,14.24,14.24,14.24,1210
2020-09-21T04:05,14.24,14.24,14.24,14.24,1000
2020-09-21T04:06,14.24,14.24,14.24,14.24,1000
2020-09-21T04:26,14.23,14.23,14.23,14.23,7300
2020-09-21T06:00,14.24,14.24,14.24,14.24,1500
2020-09-21T06:09,14.24,14.24,14.24,14.24,103680
2020-09-21T06:10,14.24,14.24,14.24,14.24,95820
2020-09-21T06:25,14.25,14.25,14.25,14.25,2260
2020-09-21T06:26,14.25,14.25,14.25,14.25,10000
2020-09-21T06:43,14.25,14.25,14.25,14.25,103680
2020-09-21T06:48,14.26,14.26,14.26,14.26,60000
2020-09-21T06:49,14.26,14.26,14.26,14.26,30000
2020-09-21T06:57,14.26,14.26,14.26,14.26,11000
2020-09-21T06:59,14.25,14.25,14.24,14.24,30020
2020-09-21T07:04,14.26,14.26,14.26,14.26,300
2020-09-21T07:05,14.25,14.25,14.25,14.25,1000
2020-09-21T07:06,14.25,14.25,14.25,14.25,9000
2020-09-21T07:07,14.23,14.23,14.23,14.23,2710
2020-09-21T07:08,14.24,14.24,14.24,14.24,5000
2020-09-21T07:14,14.23,14.23,14.23,14.23,103680
2020-09-21T07:20,14.24,14.24,14.24,14.24,1500
2020-09-21T07:22,14.24,14.26,14.24,14.26,35500
2020-09-21T07:26,14.24,14.24,14.24,14.24,5000
2020-09-21T07:46,14.28,14.28,14.28,14.28,450
2020-09-22T02:26,14.18,14.18,14.18,14.18,340
2020-09-22T02:27,14.19,14.19,14.19,14.19,100
2020-09-22T02:30,14.21,14.21,14.21,14.21,5000
2020-09-22T02:41,14.24,14.24,14.24,14.24,1270
2020-09-22T02:48,14.23,14.23,14.23,14.23,210
2020-09-22T03:12,14.24,14.24,14.24,14.24,710
2020-09-22T03:14,14.24,14.24,14.24,14.24,500
2020-09-22T03:17,14.24,14.24,14.24,14.24,9270
2020-09-22T03:36,14.27,14.27,14.27,14.27,1170
2020-09-22T03:43,14.28,14.28,14.28,14.28,1070
2020-09-22T03:52,14.28,14.28,14.28,14.28,7000
2020-09-22T03:55,14.28,14.28,14.28,14.28,2000
2020-09-22T04:04,14.28,14.28,14.28,14.28,200
2020-09-22T04:06,14.28,14.28,14.28,14.28,1000
2020-09-22T04:07,14.28,14.28,14.28,14.28,10
2020-09-22T04:15,14.28,14.28,14.28,14.28,790
2020-09-22T06:00,14.28,14.28,14.28,14.28,1000
2020-09-22T06:02,14.28,14.28,14.28,14.28,10
2020-09-22T06:03,14.28,14.28,14.28,14.28,19780
2020-09-22T06:05,14.28,14.28,14.28,14.28,2210
2020-09-22T06:07,14.28,14.28,14.28,14.28,150
2020-09-22T06:08,14.28,14.29,14.28,14.29,300
2020-09-22T06:10,14.3,14.3,14.3,14.3,6000
2020-09-22T06:15,14.29,14.29,14.29,14.29,3500
2020-09-22T06:17,14.29,14.29,14.29,14.29,500
2020-09-22T06:23,14.29,14.29,14.29,14.29,1900
2020-09-22T06:24,14.29,14.29,14.29,14.29,3000
2020-09-22T06:29,14.28,14.28,14.28,14.28,3500
2020-09-22T06:32,14.28,14.28,14.28,14.28,3000
2020-09-22T06:35,14.27,14.27,14.27,14.27,500
2020-09-22T06:42,14.26,14.26,14.26,14.26,500
2020-09-22T06:43,14.25,14.25,14.25,14.25,700
2020-09-22T06:48,14.25,14.25,14.25,14.25,200
2020-09-22T06:52,14.25,14.25,14.25,14.25,300
2020-09-22T07:00,14.22,14.22,14.22,14.22,500
2020-09-22T07:46,14.3,14.3,14.3,14.3,70
2020-09-23T02:15,14.3,14.3,14.3,14.3,40
2020-09-23T02:16,14.3,14.3,14.3,14.3,120
2020-09-23T02:18,14.32,14.32,14.32,14.32,1400
2020-09-23T02:20,14.33,14.33,14.33,14.33,1000
2020-09-23T02:22,14.34,14.34,14.34,14.34,50
2020-09-23T02:26,14.39,14.39,14.39,14.39,40
2020-09-23T02:29,14.38,14.38,14.38,14.38,200
2020-09-23T02:48,14.35,14.37,14.35,14.37,3580
2020-09-23T02:53,14.37,14.37,14.37,14.37,40
2020-09-23T02:57,14.36,14.36,14.36,14.36,2000
2020-09-23T03:04,14.36,14.36,14.36,14.36,300
2020-09-23T03:11,14.35,14.35,14.35,14.35,59740
2020-09-23T03:15,14.37,14.37,14.37,14.37,200
2020-09-23T03:16,14.37,14.37,14.37,14.37,200
2020-09-23T03:22,14.38,14.38,14.38,14.38,2990
2020-09-23T03:30,14.38,14.38,14.38,14.38,1070
2020-09-23T03:33,14.38,14.38,14.38,14.38,50
2020-09-23T03:35,14.39,14.39,14.39,14.39,1000
2020-09-23T03:44,14.38,14.38,14.38,14.38,3910
2020-09-23T03:59,14.38,14.38,14.38,14.38,100
2020-09-23T04:09,14.38,14.38,14.38,14.38,10000
2020-09-23T04:10,14.38,14.38,14.38,14.38,10400
2020-09-23T04:15,14.37,14.37,14.37,14.37,5000
2020-09-23T04:22,14.35,14.35,14.35,14.35,100
2020-09-23T06:19,14.35,14.35,14.35,14.35,1500
2020-09-23T06:39,14.36,14.36,14.36,14.36,101580
2020-09-23T06:54,14.36,14.36,14.36,14.36,200
2020-09-23T07:06,14.37,14.37,14.37,14.37,100
2020-09-23T07:08,14.38,14.38,14.38,14.38,20
2020-09-23T07:09,14.38,14.38,14.38,14.38,25000
2020-09-23T07:10,14.38,14.38,14.38,14.38,7150
2020-09-23T07:12,14.37,14.37,14.37,14.37,10000
2020-09-23T07:14,14.37,14.37,14.37,14.37,700
2020-09-23T07:25,14.35,14.35,14.35,14.35,5000
2020-09-23T07:27,14.37,14.37,14.37,14.37,100
2020-09-23T07:28,14.37,14.37,14.37,14.37,90
2020-09-23T07:46,14.38,14.38,14.38,14.38,70
2020-09-24T02:15,14.38,14.38,14.38,14.38,260
2020-09-24T02:17,14.38,14.38,14.3,14.3,1100
2020-09-24T02:18,14.29,14.29,14.29,14.29,300
2020-09-24T02:26,14.31,14.31,14.31,14.31,100
2020-09-24T02:28,14.35,14.35,14.35,14.35,1130
2020-09-24T02:32,14.32,14.32,14.32,14.32,1000
2020-09-24T02:36,14.32,14.32,14.32,14.32,100000
2020-09-24T02:38,14.33,14.33,14.33,14.33,250
2020-09-24T02:44,14.33,14.33,14.33,14.33,50000
2020-09-24T03:03,14.31,14.31,14.31,14.31,18900
2020-09-24T03:06,14.32,14.32,14.32,14.32,400000
2020-09-24T03:15,14.32,14.32,14.32,14.32,1000
2020-09-24T03:17,14.3,14.3,14.3,14.3,1510
2020-09-24T03:48,14.31,14.31,14.31,14.31,290
2020-09-24T04:17,14.36,14.36,14.36,14.36,7000
2020-09-24T04:23,14.35,14.35,14.35,14.35,100
2020-09-24T04:24,14.35,14.35,14.35,14.35,4000
2020-09-24T06:00,14.35,14.35,14.35,14.35,33900
2020-09-24T06:09,14.36,14.36,14.36,14.36,150
2020-09-24T06:14,14.35,14.35,14.35,14.35,50000
2020-09-24T06:46,14.3,14.3,14.3,14.3,2000
2020-09-24T06:47,14.29,14.29,14.29,14.29,100
2020-09-24T06:50,14.28,14.28,14.28,14.28,10010
2020-09-24T06:51,14.28,14.28,14.27,14.27,10490
2020-09-24T07:14,14.27,14.27,14.27,14.27,50
2020-09-24T07:46,14.3,14.3,14.3,14.3,600
2020-09-25T02:15,14.3,14.3,14.3,14.3,5860
2020-09-25T02:21,14.33,14.33,14.33,14.33,200
2020-09-25T02:27,14.34,14.34,14.33,14.33,400
2020-09-25T02:28,14.33,14.33,14.33,14.33,200
2020-09-25T02:31,14.33,14.33,14.33,14.33,1000
2020-09-25T02:42,14.33,14.33,14.33,14.33,90
2020-09-25T03:02,14.3,14.3,14.3,14.3,150
2020-09-25T03:07,14.29,14.29,14.29,14.29,260
2020-09-25T03:18,14.3,14.3,14.3,14.3,1600
2020-09-25T03:31,14.32,14.32,14.32,14.32,10
2020-09-25T04:23,14.3,14.3,14.3,14.3,300
2020-09-25T06:00,14.25,14.25,14.25,14.25,210
2020-09-25T06:34,14.28,14.28,14.28,14.28,1390
2020-09-25T06:36,14.25,14.25,14.25,14.25,101900
2020-09-25T06:45,14.25,14.25,14.25,14.25,250
2020-09-25T06:55,14.22,14.22,14.22,14.22,10
2020-09-25T07:02,14.25,14.25,14.25,14.25,750
2020-09-25T07:09,14.26,14.26,14.26,14.26,1000
2020-09-25T07:20,14.28,14.28,14.28,14.28,420
2020-09-25T07:23,14.28,14.28,14.28,14.28,300
2020-09-25T07:46,14.3,14.3,14.3,14.3,150
2020-09-28T02:15,14.3,14.3,14.3,14.3,3500
2020-09-28T02:16,14.3,14.3,14.3,14.3,3510
2020-09-28T02:24,14.38,14.38,14.38,14.38,2620
2020-09-28T02:25,14.4,14.4,14.4,14.4,80
2020-09-28T02:37,14.37,14.37,14.37,14.37,100
2020-09-28T02:38,14.35,14.35,14.35,14.35,1900
2020-09-28T02:50,14.36,14.36,14.36,14.36,3000
2020-09-28T02:54,14.36,14.36,14.36,14.36,3360
2020-09-28T03:15,14.38,14.38,14.38,14.38,40000
2020-09-28T03:25,14.38,14.38,14.38,14.38,260
2020-09-28T03:35,14.4,14.4,14.4,14.4,900
2020-09-28T03:37,14.4,14.4,14.4,14.4,4690
2020-09-28T03:44,14.41,14.41,14.41,14.41,5000
2020-09-28T03:48,14.41,14.41,14.41,14.41,6000
2020-09-28T03:49,14.41,14.41,14.41,14.41,250
2020-09-28T03:55,14.41,14.41,14.41,14.41,2000
2020-09-28T03:57,14.4,14.4,14.4,14.4,100
2020-09-28T04:01,14.4,14.4,14.4,14.4,40
2020-09-28T04:05,14.4,14.4,14.4,14.4,1080
2020-09-28T04:13,14.4,14.4,14.4,14.4,5000
2020-09-28T06:00,14.37,14.37,14.37,14.37,140
2020-09-28T06:03,14.4,14.4,14.4,14.4,1300
2020-09-28T06:21,14.43,14.43,14.43,14.43,100
2020-09-28T06:44,14.43,14.43,14.43,14.43,45000
2020-09-28T06:52,14.43,14.43,14.43,14.43,100
2020-09-28T07:02,14.43,14.43,14.43,14.43,10
2020-09-28T07:15,14.44,14.44,14.44,14.44,10
2020-09-28T07:17,14.44,14.44,14.44,14.44,10
2020-09-28T07:23,14.43,14.43,14.43,14.43,2000
2020-09-28T07:46,14.49,14.49,14.49,14.49,110
2020-09-29T02:15,14.49,14.5,14.49,14.5,1060
2020-09-29T02:17,14.5,14.5,14.5,14.5,1430
2020-09-29T02:19,14.53,14.54,14.53,14.54,3470
2020-09-29T02:37,14.51,14.51,14.51,14.51,200000
2020-09-29T02:38,14.51,14.51,14.51,14.51,100
2020-09-29T02:41,14.51,14.51,14.51,14.51,199930
2020-09-29T03:01,14.51,14.51,14.51,14.51,34500
2020-09-29T03:05,14.51,14.53,14.51,14.53,1010
2020-09-29T03:08,14.54,14.54,14.54,14.54,1300
2020-09-29T03:15,14.55,14.55,14.55,14.55,5450
2020-09-29T03:46,14.59,14.59,14.59,14.59,1000
2020-09-29T03:51,14.6,14.6,14.6,14.6,15190
2020-09-29T03:56,14.61,14.61,14.61,14.61,10000
2020-09-29T04:05,14.6,14.6,14.6,14.6,500
2020-09-29T04:18,14.6,14.6,14.6,14.6,45000
2020-09-29T04:23,14.59,14.59,14.59,14.59,5800
2020-09-29T06:00,14.59,14.59,14.59,14.59,420
2020-09-29T06:06,14.55,14.55,14.55,14.55,1000
2020-09-29T06:14,14.56,14.56,14.56,14.56,10000
2020-09-29T06:17,14.55,14.55,14.55,14.55,90
2020-09-29T06:18,14.55,14.55,14.55,14.55,1220
2020-09-29T06:19,14.54,14.54,14.54,14.54,20
2020-09-29T06:23,14.51,14.51,14.51,14.51,100000
2020-09-29T06:36,14.51,14.51,14.51,14.51,50
2020-09-29T06:40,14.51,14.51,14.51,14.51,29950
2020-09-29T06:54,14.51,14.51,14.51,14.51,100
2020-09-29T07:00,14.51,14.51,14.51,14.51,200
2020-09-29T07:02,14.5,14.5,14.5,14.5,100
2020-09-29T07:04,14.49,14.49,14.49,14.49,750
2020-09-29T07:17,14.44,14.44,14.44,14.44,4870
2020-09-29T07:18,14.43,14.43,14.43,14.43,8240
2020-09-29T07:21,14.43,14.43,14.43,14.43,3050
2020-09-29T07:22,14.43,14.43,14.43,14.43,100
2020-09-30T02:15,14.49,14.49,14.49,14.49,790
2020-09-30T02:16,14.4,14.4,14.4,14.4,810
2020-09-30T02:18,14.4,14.4,14.4,14.4,150
2020-09-30T02:19,14.44,14.44,14.44,14.44,120
2020-09-30T02:29,14.36,14.36,14.36,14.36,5000
2020-09-30T02:31,14.34,14.34,14.34,14.34,700
2020-09-30T02:34,14.32,14.32,14.32,14.32,300
2020-09-30T02:36,14.35,14.35,14.35,14.35,30
2020-09-30T02:37,14.35,14.36,14.35,14.36,15020
2020-09-30T02:41,14.37,14.37,14.37,14.37,20
2020-09-30T02:47,14.36,14.36,14.36,14.36,3000
2020-09-30T02:49,14.39,14.39,14.39,14.39,690
2020-09-30T02:52,14.36,14.36,14.36,14.36,10000
2020-09-30T02:54,14.35,14.35,14.35,14.35,50
2020-09-30T02:55,14.36,14.36,14.36,14.36,600
2020-09-30T02:59,14.36,14.36,14.36,14.36,11400
2020-09-30T03:02,14.36,14.36,14.36,14.36,100
2020-09-30T03:09,14.37,14.37,14.37,14.37,3900
2020-09-30T03:11,14.35,14.35,14.35,14.35,50
2020-09-30T03:16,14.35,14.35,14.35,14.35,8000
2020-09-30T03:25,14.35,14.35,14.35,14.35,660
2020-09-30T03:27,14.32,14.32,14.32,14.32,10000
2020-09-30T03:36,14.33,14.35,14.33,14.35,113680
2020-09-30T03:41,14.34,14.34,14.34,14.34,14000
2020-09-30T03:42,14.35,14.35,14.35,14.35,13330
2020-09-30T03:44,14.35,14.35,14.35,14.35,24700
2020-09-30T03:45,14.36,14.36,14.36,14.36,700
2020-09-30T03:47,14.36,14.36,14.36,14.36,23300
2020-09-30T03:48,14.37,14.37,14.37,14.37,260
2020-09-30T03:56,14.37,14.37,14.37,14.37,5000
2020-09-30T04:01,14.35,14.35,14.35,14.35,20
2020-09-30T04:06,14.35,14.35,14.35,14.35,10
2020-09-30T04:07,14.35,14.35,14.35,14.35,14010
2020-09-30T04:08,14.37,14.37,14.37,14.37,40
2020-09-30T04:18,14.34,14.34,14.34,14.34,14000
2020-09-30T04:22,14.34,14.34,14.34,14.34,14000
2020-09-30T06:00,14.35,14.35,14.33,14.33,41980
2020-09-30T06:04,14.32,14.32,14.32,14.32,40
2020-09-30T06:14,14.3,14.3,14.3,14.3,1820
2020-09-30T06:18,14.3,14.3,14.3,14.3,7540
2020-09-30T06:29,14.32,14.33,14.32,14.33,56000
2020-09-30T06:31,14.33,14.33,14.33,14.33,14000
2020-09-30T06:32,14.33,14.34,14.33,14.34,14500
2020-09-30T06:34,14.33,14.33,14.33,14.33,14000
2020-09-30T06:36,14.33,14.33,14.33,14.33,10
2020-09-30T06:39,14.33,14.34,14.33,14.34,27490
2020-09-30T06:40,14.33,14.33,14.33,14.33,40
2020-09-30T06:45,14.34,14.34,14.34,14.34,4000
2020-09-30T06:47,14.33,14.33,14.33,14.33,8700
2020-09-30T06:49,14.34,14.34,14.34,14.34,24000
2020-09-30T06:51,14.35,14.4,14.35,14.4,18130
2020-09-30T07:04,14.43,14.43,14.43,14.43,10
2020-09-30T07:13,14.42,14.42,14.42,14.42,5000
2020-09-30T07:21,14.4,14.4,14.4,14.4,10
2020-09-30T07:25,14.41,14.41,14.41,14.41,100
2020-09-30T07:46,14.52,14.52,14.52,14.52,2130
2020-10-05T02:15,14.32,14.32,14.32,14.32,900
2020-10-05T02:16,14.5,14.5,14.5,14.5,7400
2020-10-05T02:18,14.52,14.52,14.52,14.52,300
2020-10-05T02:23,14.55,14.55,14.54,14.54,7940
2020-10-05T02:30,14.51,14.51,14.51,14.51,7870
2020-10-05T02:43,14.52,14.52,14.52,14.52,1000
2020-10-05T03:08,14.52,14.52,14.52,14.52,23080
2020-10-05T03:15,14.52,14.52,14.52,14.52,250
2020-10-05T03:31,14.55,14.55,14.55,14.55,50
2020-10-05T03:38,14.55,14.55,14.55,14.55,200
2020-10-05T03:59,14.52,14.52,14.52,14.52,320
2020-10-05T04:00,14.51,14.51,14.51,14.51,370
2020-10-05T06:00,14.58,14.58,14.53,14.53,1270
2020-10-05T06:29,14.53,14.53,14.53,14.53,8020
2020-10-05T06:44,14.53,14.53,14.53,14.53,500
2020-10-05T07:03,14.53,14.53,14.53,14.53,500
2020-10-05T07:46,14.54,14.54,14.54,14.54,990
2020-10-06T02:15,14.58,14.58,14.58,14.58,12410
2020-10-06T02:18,14.58,14.58,14.58,14.58,7480
2020-10-06T02:25,14.6,14.6,14.6,14.6,4380
2020-10-06T02:26,14.59,14.59,14.59,14.59,150
2020-10-06T02:51,14.57,14.57,14.57,14.57,1000
2020-10-06T02:53,14.57,14.57,14.57,14.57,1740
2020-10-06T02:59,14.6,14.6,14.6,14.6,70
2020-10-06T03:03,14.61,14.61,14.61,14.61,490
2020-10-06T03:05,14.61,14.61,14.61,14.61,1570
2020-10-06T03:09,14.6,14.6,14.6,14.6,3680
2020-10-06T03:12,14.56,14.56,14.56,14.56,60
2020-10-06T03:18,14.6,14.6,14.6,14.6,6180
2020-10-06T03:20,14.57,14.57,14.57,14.57,200
2020-10-06T03:35,14.59,14.59,14.59,14.59,50
2020-10-06T03:45,14.56,14.56,14.56,14.56,24930
2020-10-06T03:47,14.57,14.57,14.57,14.57,300
2020-10-06T03:59,14.54,14.54,14.54,14.54,1850
2020-10-06T04:04,14.51,14.51,14.51,14.51,10000
2020-10-06T04:20,14.55,14.55,14.55,14.55,100
2020-10-06T04:26,14.56,14.56,14.56,14.56,10730
2020-10-06T06:01,14.56,14.56,14.56,14.56,190
2020-10-06T06:04,14.57,14.57,14.57,14.57,103680
2020-10-06T06:08,14.59,14.59,14.59,14.59,340
2020-10-06T06:10,14.59,14.59,14.59,14.59,200
2020-10-06T06:11,14.58,14.58,14.58,14.58,420
2020-10-06T06:24,14.55,14.55,14.55,14.55,300000
2020-10-06T06:29,14.55,14.55,14.55,14.55,5480
2020-10-06T06:58,14.58,14.58,14.58,14.58,35000
2020-10-06T07:09,14.58,14.58,14.58,14.58,320
2020-10-06T07:16,14.58,14.58,14.58,14.58,103680
2020-10-06T07:46,14.61,14.61,14.61,14.61,160
2020-10-07T02:15,14.61,14.61,14.61,14.61,1730
2020-10-07T02:22,14.58,14.58,14.58,14.58,3480
2020-10-07T02:25,14.54,14.54,14.54,14.54,200000
2020-10-07T02:39,14.56,14.56,14.56,14.56,200000
2020-10-07T02:48,14.58,14.58,14.57,14.57,200020
2020-10-07T02:51,14.57,14.57,14.57,14.57,100
2020-10-07T02:54,14.58,14.58,14.58,14.58,200000
2020-10-07T03:10,14.58,14.58,14.58,14.58,40
2020-10-07T03:16,14.55,14.55,14.55,14.55,200000
2020-10-07T03:29,14.58,14.58,14.58,14.58,1200
2020-10-07T03:36,14.6,14.6,14.6,14.6,5930
2020-10-07T03:38,14.61,14.61,14.61,14.61,103680
2020-10-07T03:39,14.63,14.63,14.63,14.63,260
2020-10-07T03:43,14.62,14.62,14.62,14.62,620
2020-10-07T03:48,14.62,14.62,14.62,14.62,50
2020-10-07T04:10,14.63,14.63,14.63,14.63,1250
2020-10-07T06:00,14.63,14.63,14.63,14.63,500
2020-10-07T06:04,14.63,14.63,14.63,14.63,500
2020-10-07T06:20,14.63,14.63,14.62,14.62,205390
2020-10-07T06:22,14.62,14.62,14.62,14.62,1270
2020-10-07T06:24,14.63,14.63,14.62,14.62,1600
2020-10-07T06:26,14.63,14.63,14.63,14.63,200
2020-10-07T06:28,14.64,14.64,14.64,14.64,10
2020-10-07T06:38,14.63,14.63,14.63,14.63,500
2020-10-07T06:39,14.64,14.64,14.64,14.64,200000
2020-10-07T06:44,14.66,14.66,14.66,14.66,31200
2020-10-07T06:56,14.67,14.67,14.67,14.67,300
2020-10-07T07:05,14.63,14.63,14.63,14.63,100
2020-10-07T07:09,14.61,14.61,14.61,14.61,10300
2020-10-07T07:24,14.61,14.61,14.61,14.61,20000
2020-10-07T07:46,14.66,14.66,14.66,14.66,100
2020-10-08T02:18,14.65,14.65,14.65,14.65,30
2020-10-08T02:29,14.62,14.62,14.62,14.62,3180
2020-10-08T02:30,14.61,14.61,14.61,14.61,100
2020-10-08T02:31,14.61,14.61,14.61,14.61,100
2020-10-08T02:37,14.6,14.6,14.6,14.6,5030
2020-10-08T02:38,14.6,14.6,14.6,14.6,100
2020-10-08T02:42,14.6,14.6,14.6,14.6,500
2020-10-08T02:45,14.58,14.58,14.58,14.58,820
2020-10-08T03:05,14.6,14.6,14.6,14.6,100
2020-10-08T03:26,14.6,14.6,14.6,14.6,20
2020-10-08T03:36,14.6,14.6,14.6,14.6,20
2020-10-08T03:53,14.6,14.6,14.6,14.6,700
2020-10-08T03:56,14.6,14.6,14.6,14.6,3200
2020-10-08T04:04,14.57,14.57,14.57,14.57,49000
2020-10-08T04:09,14.58,14.58,14.58,14.58,20
2020-10-08T04:19,14.56,14.56,14.56,14.56,5150
2020-10-08T04:24,14.52,14.52,14.52,14.52,2060
2020-10-08T04:25,14.53,14.53,14.53,14.53,3010
2020-10-08T04:28,14.58,14.58,14.58,14.58,80
2020-10-08T04:29,14.6,14.6,14.6,14.6,10
2020-10-08T06:00,14.6,14.6,14.6,14.6,2610
2020-10-08T06:01,14.6,14.6,14.6,14.6,20
2020-10-08T06:12,14.57,14.57,14.57,14.57,100
2020-10-08T06:14,14.57,14.57,14.57,14.57,100
2020-10-08T06:33,14.57,14.57,14.57,14.57,200000
2020-10-08T06:36,14.55,14.55,14.55,14.55,3000
2020-10-08T06:56,14.55,14.55,14.55,14.55,20
2020-10-08T07:00,14.55,14.55,14.55,14.55,12170
2020-10-08T07:46,14.6,14.6,14.6,14.6,140
2020-10-09T02:15,14.6,14.6,14.6,14.6,1000
2020-10-09T02:32,14.6,14.6,14.6,14.6,700
2020-10-09T02:56,14.6,14.6,14.6,14.6,200
2020-10-09T03:16,14.6,14.6,14.6,14.6,10
2020-10-09T03:46,14.6,14.6,14.6,14.6,103710
2020-10-09T03:59,14.6,14.6,14.6,14.6,50000
2020-10-09T04:04,14.6,14.6,14.6,14.6,10000
2020-10-09T04:15,14.62,14.62,14.62,14.62,4170
2020-10-09T04:17,14.6,14.6,14.6,14.6,20000
2020-10-09T04:21,14.6,14.6,14.6,14.6,20000
2020-10-09T04:22,14.6,14.6,14.6,14.6,10000
2020-10-09T06:00,14.62,14.62,14.62,14.62,47720
2020-10-09T06:03,14.63,14.63,14.63,14.63,10000
2020-10-09T06:05,14.64,14.64,14.64,14.64,20000
2020-10-09T06:11,14.65,14.65,14.65,14.65,52300
2020-10-09T06:12,14.65,14.65,14.65,14.65,60
2020-10-09T06:15,14.65,14.65,14.65,14.65,70
2020-10-09T06:41,14.61,14.64,14.61,14.64,15810
2020-10-09T06:46,14.61,14.61,14.61,14.61,15800
2020-10-09T06:50,14.61,14.61,14.61,14.61,57400
2020-10-09T07:03,14.61,14.61,14.61,14.61,10000
2020-10-09T07:05,14.6,14.6,14.6,14.6,200
2020-10-09T07:15,14.61,14.61,14.61,14.61,600
2020-10-09T07:18,14.61,14.61,14.61,14.61,10000
2020-10-09T07:46,14.63,14.63,14.63,14.63,20
2020-10-12T02:15,14.63,14.63,14.63,14.63,770
2020-10-12T02:16,14.65,14.65,14.65,14.65,50
2020-10-12T02:25,14.74,14.74,14.74,14.74,100
2020-10-12T02:26,14.74,14.74,14.74,14.74,100000
2020-10-12T02:49,14.72,14.72,14.72,14.72,10
2020-10-12T03:02,14.72,14.72,14.72,14.72,2000
2020-10-12T03:09,14.72,14.72,14.72,14.72,80
2020-10-12T03:10,14.72,14.72,14.72,14.72,1170
2020-10-12T03:13,14.72,14.72,14.72,14.72,5000
2020-10-12T03:37,14.7,14.7,14.7,14.7,50
2020-10-12T03:50,14.7,14.7,14.7,14.7,1650
2020-10-12T03:51,14.7,14.7,14.7,14.7,3350
2020-10-12T03:55,14.69,14.69,14.69,14.69,130
2020-10-12T04:06,14.68,14.68,14.68,14.68,5200
2020-10-12T04:19,14.7,14.7,14.7,14.7,50000
2020-10-12T04:27,14.72,14.72,14.72,14.72,52250
2020-10-12T04:28,14.74,14.74,14.74,14.74,160
2020-10-12T06:00,14.74,14.74,14.74,14.74,400
2020-10-12T06:03,14.74,14.74,14.74,14.74,1000
2020-10-12T06:05,14.74,14.74,14.74,14.74,8000
2020-10-12T06:07,14.74,14.74,14.74,14.74,800
2020-10-12T06:08,14.74,14.74,14.74,14.74,30
2020-10-12T06:15,14.7,14.7,14.7,14.7,10000
2020-10-12T06:16,14.7,14.7,14.7,14.7,1000
2020-10-12T06:20,14.7,14.7,14.7,14.7,500
2020-10-12T06:38,14.7,14.7,14.7,14.7,10
2020-10-12T06:39,14.7,14.7,14.7,14.7,20
2020-10-12T06:42,14.7,14.7,14.7,14.7,3940
2020-10-12T07:06,14.68,14.68,14.68,14.68,10
2020-10-12T07:09,14.67,14.67,14.67,14.67,10
2020-10-12T07:12,14.66,14.66,14.66,14.66,3410
2020-10-12T07:17,14.65,14.65,14.65,14.65,250
2020-10-12T07:20,14.64,14.64,14.64,14.64,2110
2020-10-12T07:21,14.63,14.63,14.63,14.63,98680
2020-10-12T07:22,14.63,14.63,14.63,14.63,96000
2020-10-12T07:46,14.7,14.7,14.7,14.7,30
2020-10-13T02:40,14.64,14.64,14.64,14.64,51000
2020-10-13T02:42,14.61,14.61,14.61,14.61,70
2020-10-13T02:55,14.64,14.64,14.64,14.64,1000
2020-10-13T03:11,14.64,14.64,14.64,14.64,340
2020-10-13T03:38,14.66,14.66,14.66,14.66,10000
2020-10-13T03:42,14.66,14.66,14.66,14.66,220
2020-10-13T03:50,14.68,14.68,14.68,14.68,14710
2020-10-13T03:52,14.68,14.68,14.68,14.68,140
2020-10-13T06:09,14.68,14.7,14.68,14.7,15510
2020-10-13T06:14,14.7,14.7,14.7,14.7,600
2020-10-13T06:24,14.7,14.7,14.7,14.7,12650
2020-10-13T06:39,14.7,14.7,14.7,14.7,340
2020-10-13T06:43,14.7,14.7,14.7,14.7,70
2020-10-13T07:00,14.7,14.7,14.7,14.7,20
2020-10-13T07:03,14.7,14.7,14.7,14.7,36920
2020-10-13T07:14,14.7,14.7,14.7,14.7,5000
2020-10-13T07:19,14.7,14.7,14.7,14.7,10
2020-10-13T07:46,14.7,14.7,14.7,14.7,70
2020-10-14T02:16,14.72,14.72,14.72,14.72,5000
2020-10-14T02:17,14.73,14.73,14.73,14.73,10000
2020-10-14T02:19,14.74,14.74,14.74,14.74,15000
2020-10-14T02:21,14.74,14.75,14.74,14.75,111020
2020-10-14T02:24,14.74,14.74,14.74,14.74,20000
2020-10-14T02:29,14.74,14.74,14.74,14.74,5000
2020-10-14T02:33,14.74,14.74,14.74,14.74,500
2020-10-14T02:40,14.73,14.73,14.73,14.73,100000
2020-10-14T02:43,14.74,14.74,14.74,14.74,2730
2020-10-14T02:50,14.75,14.75,14.75,14.75,20850
2020-10-14T02:52,14.75,14.75,14.75,14.75,2000
2020-10-14T02:53,14.74,14.74,14.74,14.74,480
2020-10-14T02:56,14.76,14.76,14.76,14.76,20000
2020-10-14T02:58,14.77,14.77,14.77,14.77,10
2020-10-14T03:01,14.77,14.78,14.77,14.78,5070
2020-10-14T03:04,14.78,14.78,14.78,14.78,590
2020-10-14T03:06,14.78,14.78,14.78,14.78,9380
2020-10-14T03:07,14.79,14.79,14.79,14.79,100050
2020-10-14T03:10,14.78,14.79,14.78,14.79,2030
2020-10-14T03:11,14.8,14.8,14.8,14.8,25280
2020-10-14T03:13,14.81,14.83,14.81,14.83,1300
2020-10-14T03:14,14.83,14.83,14.83,14.83,10
2020-10-14T03:16,14.82,14.82,14.81,14.81,5050
2020-10-14T03:20,14.83,14.83,14.83,14.83,4180
2020-10-14T03:27,14.81,14.81,14.81,14.81,5000
2020-10-14T03:31,14.83,14.83,14.83,14.83,6000
2020-10-14T03:34,14.82,14.82,14.82,14.82,100
2020-10-14T03:37,14.83,14.83,14.83,14.83,300
2020-10-14T03:39,14.83,14.83,14.83,14.83,10
2020-10-14T03:49,14.81,14.81,14.81,14.81,1400
2020-10-14T03:53,14.8,14.8,14.8,14.8,5000
2020-10-14T03:56,14.8,14.8,14.8,14.8,58600
2020-10-14T04:01,14.8,14.8,14.8,14.8,44150
2020-10-14T04:02,14.8,14.8,14.8,14.8,50000
2020-10-14T06:00,14.8,14.8,14.8,14.8,30
2020-10-14T06:09,14.82,14.82,14.82,14.82,800
2020-10-14T06:11,14.83,14.83,14.83,14.83,1850
2020-10-14T06:12,14.83,14.83,14.83,14.83,2000
2020-10-14T06:15,14.84,14.84,14.84,14.84,2000
2020-10-14T06:16,14.85,14.85,14.85,14.85,4540
2020-10-14T06:28,14.87,14.87,14.86,14.86,4000
2020-10-14T06:33,14.87,14.87,14.87,14.87,200
2020-10-14T06:34,14.87,14.87,14.87,14.87,4800
2020-10-14T06:35,14.86,14.86,14.86,14.86,100000
2020-10-14T06:43,14.86,14.86,14.86,14.86,100000
2020-10-14T06:54,14.86,14.86,14.86,14.86,10
2020-10-14T06:55,14.85,14.85,14.85,14.85,50000
2020-10-14T06:56,14.85,14.85,14.85,14.85,50000
2020-10-14T06:58,14.84,14.84,14.84,14.84,10
2020-10-14T07:02,14.88,14.88,14.88,14.88,100
2020-10-14T07:10,14.86,14.86,14.86,14.86,100000
2020-10-14T07:20,14.88,14.9,14.88,14.9,15900
2020-10-14T07:24,14.94,14.94,14.94,14.94,130
2020-10-14T07:46,14.95,14.95,14.95,14.95,70
2020-10-15T02:15,14.99,14.99,14.99,14.99,1320
2020-10-15T02:16,15,15.04,15,15.04,45520
2020-10-15T02:20,15.06,15.06,15.06,15.06,50
2020-10-15T02:21,15.05,15.05,15.05,15.05,1000
2020-10-15T02:22,15.05,15.05,15.05,15.05,20000
2020-10-15T02:23,15.05,15.05,15.04,15.04,1700
2020-10-15T02:28,15,15,15,15,1000
2020-10-15T02:29,15,15,15,15,550
2020-10-15T02:45,14.99,14.99,14.99,14.99,50
2020-10-15T02:46,15,15,15,15,770
2020-10-15T02:47,15,15,15,15,880
2020-10-15T02:49,15,15,15,15,520
2020-10-15T02:57,14.99,14.99,14.99,14.99,1000
2020-10-15T02:58,14.99,14.99,14.99,14.99,40
2020-10-15T03:00,14.99,14.99,14.99,14.99,50
2020-10-15T03:04,14.99,14.99,14.99,14.99,10
2020-10-15T03:10,14.99,14.99,14.99,14.99,50
2020-10-15T03:17,15,15,15,15,110
2020-10-15T03:25,15.03,15.03,15,15,150
2020-10-15T03:27,15,15,15,15,500
2020-10-15T03:35,15.03,15.03,15.03,15.03,30
2020-10-15T04:02,15.03,15.03,15.03,15.03,62600
2020-10-15T04:05,15,15,15,15,10
2020-10-15T04:07,14.99,14.99,14.99,14.99,40
2020-10-15T04:10,14.99,14.99,14.99,14.99,50
2020-10-15T04:23,15,15,15,15,300
2020-10-15T06:00,14.9,14.9,14.9,14.9,10250
2020-10-15T06:02,15,15,15,15,200
2020-10-15T06:11,15.02,15.02,15.02,15.02,240
2020-10-15T06:19,15.04,15.04,15.04,15.04,1020
2020-10-15T06:25,15.09,15.09,15.09,15.09,10
2020-10-15T06:29,15.06,15.06,15.06,15.06,100000
2020-10-15T06:33,15.08,15.08,15.08,15.08,130
2020-10-15T06:43,15.06,15.06,15.06,15.06,100000
2020-10-15T06:46,15.06,15.06,15.06,15.06,30
2020-10-15T06:47,15.07,15.07,15.07,15.07,20
2020-10-15T06:52,15.06,15.06,15.06,15.06,240
2020-10-15T06:57,15.05,15.05,15.05,15.05,820
2020-10-15T07:01,15.05,15.05,15.05,15.05,100000
2020-10-15T07:09,15.04,15.04,15.02,15.02,70
2020-10-15T07:10,15.02,15.02,15.02,15.02,100000
2020-10-15T07:46,15.07,15.07,15.07,15.07,300
2020-10-19T02:19,15.15,15.15,15.15,15.15,750
2020-10-19T02:22,15.14,15.14,15.14,15.14,100000
2020-10-19T02:23,15.13,15.13,15.13,15.13,100000
2020-10-19T02:36,15.11,15.11,15.11,15.11,700
2020-10-19T02:53,15.13,15.13,15.13,15.13,250
2020-10-19T02:59,15.14,15.14,15.14,15.14,900
2020-10-19T03:09,15.14,15.14,15.14,15.14,1180
2020-10-19T03:10,15.13,15.13,15.13,15.13,5000
2020-10-19T03:11,15.13,15.13,15.13,15.13,5000
2020-10-19T03:12,15.13,15.13,15.13,15.13,5000
2020-10-19T03:13,15.13,15.13,15.13,15.13,5000
2020-10-19T03:16,15.13,15.13,15.13,15.13,10020
2020-10-19T03:19,15.14,15.14,15.14,15.14,100
2020-10-19T03:22,15.13,15.13,15.13,15.13,10000
2020-10-19T03:34,15.14,15.14,15.14,15.14,118870
2020-10-19T03:37,15.15,15.15,15.15,15.15,56230
2020-10-19T03:49,15.15,15.15,15.15,15.15,2000
2020-10-19T03:56,15.18,15.18,15.18,15.18,10
2020-10-19T04:03,15.18,15.18,15.17,15.17,42100
2020-10-19T04:08,15.15,15.15,15.15,15.15,230
2020-10-19T04:09,15.14,15.14,15.14,15.14,1000
2020-10-19T04:20,15.13,15.13,15.13,15.13,5000
2020-10-19T04:21,15.13,15.13,15.13,15.13,5000
2020-10-19T04:22,15.14,15.14,15.14,15.14,15000
2020-10-19T04:24,15.13,15.14,15.13,15.14,30000
2020-10-19T04:26,15.14,15.14,15.14,15.14,20000
2020-10-19T04:29,15.14,15.14,15.14,15.14,5000
2020-10-19T06:00,15.12,15.12,15.12,15.12,1130
2020-10-19T06:02,15.13,15.13,15.13,15.13,5000
2020-10-19T06:03,15.13,15.13,15.13,15.13,5000
2020-10-19T06:04,15.13,15.13,15.13,15.13,5000
2020-10-19T06:11,15.11,15.11,15.11,15.11,10000
2020-10-19T06:12,15.12,15.12,15.12,15.12,10000
2020-10-19T06:14,15.11,15.11,15.11,15.11,100000
2020-10-19T06:15,15.11,15.11,15.11,15.11,40000
2020-10-19T06:17,15.12,15.12,15.12,15.12,10000
2020-10-19T06:18,15.12,15.12,15.12,15.12,15000
2020-10-19T06:19,15.12,15.12,15.12,15.12,10000
2020-10-19T06:20,15.12,15.12,15.12,15.12,10000
2020-10-19T06:21,15.12,15.12,15.12,15.12,10000
2020-10-19T06:30,15.13,15.13,15.13,15.13,810
2020-10-19T06:31,15.13,15.13,15.13,15.13,5000
2020-10-19T06:33,15.13,15.13,15.13,15.13,5000
2020-10-19T06:51,15.1,15.1,15.1,15.1,1100
2020-10-19T07:02,15.1,15.1,15.1,15.1,50
2020-10-19T07:22,15.12,15.13,15.12,15.13,16300
2020-10-19T07:23,15.12,15.12,15.12,15.12,3470
2020-10-19T07:46,15.14,15.14,15.14,15.14,100
2020-10-20T02:15,15.14,15.14,15.14,15.14,870
2020-10-20T02:16,15.14,15.14,15.14,15.14,40
2020-10-20T02:35,15.14,15.14,15.14,15.14,330
2020-10-20T02:57,15.14,15.14,15.14,15.14,1000
2020-10-20T03:09,15.14,15.14,15.14,15.14,50
2020-10-20T03:13,15.12,15.12,15.12,15.12,10000
2020-10-20T03:17,15.14,15.14,15.14,15.14,190
2020-10-20T03:31,15.16,15.16,15.16,15.16,10
2020-10-20T03:44,15.16,15.16,15.16,15.16,200
2020-10-20T04:14,15.18,15.18,15.18,15.18,10210
2020-10-20T04:18,15.18,15.18,15.18,15.18,40
2020-10-20T06:21,15.18,15.18,15.18,15.18,200
2020-10-20T06:23,15.14,15.14,15.14,15.14,110
2020-10-20T06:29,15.14,15.14,15.14,15.14,10
2020-10-20T06:33,15.12,15.12,15.12,15.12,100
2020-10-20T06:35,15.11,15.11,15.11,15.11,1490
2020-10-20T06:39,15.1,15.1,15.1,15.1,4310
2020-10-20T06:42,15.1,15.1,15.1,15.1,2580
2020-10-20T06:44,15.1,15.1,15.1,15.1,49900
2020-10-20T06:45,15.08,15.08,15.08,15.08,4310
2020-10-20T06:48,15.1,15.1,15.1,15.1,100
2020-10-20T06:55,15.12,15.12,15.12,15.12,4280
2020-10-20T07:01,15.15,15.15,15.15,15.15,2600
2020-10-20T07:15,15.16,15.16,15.16,15.16,20
2020-10-20T07:19,15.2,15.2,15.2,15.2,10210
2020-10-20T07:20,15.2,15.2,15.2,15.2,1710
2020-10-20T07:22,15.2,15.2,15.2,15.2,860
2020-10-20T07:24,15.21,15.21,15.21,15.21,1710
2020-10-20T07:46,15.3,15.3,15.3,15.3,1050
2020-10-21T02:15,15.3,15.3,15.3,15.3,1440
2020-10-21T02:21,15.28,15.28,15.28,15.28,77000
2020-10-21T02:25,15.3,15.3,15.3,15.3,2210
2020-10-21T02:28,15.28,15.28,15.28,15.28,2890
2020-10-21T02:37,15.28,15.28,15.28,15.28,50
2020-10-21T02:38,15.32,15.32,15.32,15.32,20
2020-10-21T02:43,15.29,15.29,15.29,15.29,76000
2020-10-21T02:52,15.35,15.35,15.35,15.35,200
2020-10-21T02:53,15.35,15.35,15.35,15.35,200
2020-10-21T02:55,15.35,15.35,15.35,15.35,200
2020-10-21T03:05,15.33,15.33,15.33,15.33,20
2020-10-21T03:09,15.35,15.35,15.35,15.35,730
2020-10-21T03:29,15.35,15.35,15.35,15.35,76000
2020-10-21T03:56,15.31,15.31,15.31,15.31,76000
2020-10-21T04:17,15.36,15.36,15.36,15.36,690
2020-10-21T04:18,15.36,15.36,15.36,15.36,3900
2020-10-21T04:21,15.37,15.37,15.37,15.37,10
2020-10-21T06:00,15.36,15.36,15.36,15.36,100
2020-10-21T06:19,15.31,15.31,15.31,15.31,1110
2020-10-21T06:25,15.34,15.34,15.34,15.34,10
2020-10-21T06:35,15.32,15.32,15.32,15.32,1590
2020-10-21T06:42,15.31,15.31,15.31,15.31,10000
2020-10-21T06:53,15.29,15.29,15.29,15.29,5000
2020-10-21T06:54,15.3,15.3,15.3,15.3,1200
2020-10-21T07:01,15.3,15.3,15.3,15.3,5000
2020-10-21T07:19,15.28,15.28,15.27,15.27,470
2020-10-21T07:23,15.25,15.25,15.25,15.25,6620
2020-10-21T07:24,15.18,15.18,15.18,15.18,80
2020-10-21T07:46,15.3,15.3,15.3,15.3,1030
2020-10-22T02:15,15.25,15.25,15.25,15.25,880
2020-10-22T02:18,15.21,15.21,15.21,15.21,20
2020-10-22T02:19,15.19,15.19,15.19,15.19,100
2020-10-22T02:40,15.2,15.2,15.2,15.2,880
2020-10-22T02:43,15.19,15.19,15.19,15.19,1270
2020-10-22T02:53,15.19,15.19,15.19,15.19,8110
2020-10-22T03:14,15.23,15.23,15.23,15.23,3940
2020-10-22T03:22,15.22,15.22,15.22,15.22,10000
2020-10-22T03:38,15.19,15.19,15.19,15.19,2160
2020-10-22T03:49,15.16,15.16,15.16,15.16,160
2020-10-22T04:25,15.18,15.18,15.18,15.18,200
2020-10-22T06:00,15.15,15.15,15.15,15.15,240
2020-10-22T06:01,15.18,15.18,15.18,15.18,860
2020-10-22T06:17,15.18,15.18,15.18,15.18,10000
2020-10-22T06:20,15.18,15.18,15.18,15.18,3000
2020-10-22T06:21,15.18,15.18,15.18,15.18,1000
2020-10-22T06:38,15.23,15.24,15.23,15.24,210000
2020-10-22T06:40,15.23,15.23,15.23,15.23,100000
2020-10-22T06:44,15.24,15.24,15.24,15.24,5000
2020-10-22T06:51,15.28,15.28,15.28,15.28,20
2020-10-22T06:58,15.28,15.28,15.28,15.28,1000
2020-10-22T07:05,15.26,15.26,15.26,15.26,30
2020-10-22T07:15,15.26,15.26,15.25,15.25,2400
2020-10-22T07:23,15.3,15.3,15.3,15.3,3880
2020-10-22T07:24,15.3,15.3,15.3,15.3,2000
2020-10-22T07:46,15.45,15.45,15.45,15.45,28000
2020-10-23T02:15,15.5,15.5,15.5,15.5,650
2020-10-23T02:18,15.46,15.46,15.46,15.46,200
2020-10-23T02:19,15.45,15.45,15.45,15.45,20
2020-10-23T02:32,15.45,15.45,15.45,15.45,100
2020-10-23T02:33,15.45,15.45,15.45,15.45,9800
2020-10-23T02:38,15.49,15.49,15.49,15.49,200000
2020-10-23T02:46,15.5,15.5,15.5,15.5,10350
2020-10-23T02:53,15.52,15.52,15.52,15.52,670
2020-10-23T03:06,15.56,15.56,15.56,15.56,1000
2020-10-23T03:11,15.55,15.55,15.55,15.55,1100
2020-10-23T03:25,15.52,15.52,15.52,15.52,330
2020-10-23T03:35,15.53,15.53,15.53,15.53,1000
2020-10-23T03:42,15.48,15.48,15.48,15.48,82800
2020-10-23T03:54,15.48,15.48,15.48,15.48,200
2020-10-23T04:06,15.55,15.55,15.55,15.55,90
2020-10-23T04:12,15.54,15.54,15.54,15.54,1000
2020-10-23T04:27,15.56,15.56,15.56,15.56,12660
2020-10-23T06:00,15.6,15.6,15.56,15.56,2000
2020-10-23T06:31,15.56,15.56,15.56,15.56,10
2020-10-23T06:45,15.56,15.56,15.56,15.56,1580
2020-10-23T06:54,15.55,15.55,15.55,15.55,10
2020-10-23T06:55,15.57,15.57,15.53,15.53,50
2020-10-23T06:59,15.53,15.53,15.53,15.53,50
2020-10-23T07:09,15.52,15.52,15.5,15.5,70
2020-10-23T07:13,15.54,15.54,15.54,15.54,30
2020-10-23T07:14,15.56,15.56,15.56,15.56,13000
2020-10-23T07:15,15.58,15.58,15.58,15.58,203580
2020-10-23T07:20,15.58,15.58,15.58,15.58,10
2020-10-23T07:22,15.56,15.56,15.56,15.56,100
2020-10-23T07:24,15.6,15.6,15.6,15.6,11000
2020-10-23T07:46,15.62,15.62,15.62,15.62,1110
2020-10-23T02:15,15.5,15.5,15.5,15.5,650
2020-10-23T02:18,15.46,15.46,15.46,15.46,200
2020-10-23T02:19,15.45,15.45,15.45,15.45,20
2020-10-23T02:32,15.45,15.45,15.45,15.45,100
2020-10-23T02:33,15.45,15.45,15.45,15.45,9800
2020-10-23T02:38,15.49,15.49,15.49,15.49,200000
2020-10-23T02:46,15.5,15.5,15.5,15.5,10350
2020-10-23T02:53,15.52,15.52,15.52,15.52,670
2020-10-23T03:06,15.56,15.56,15.56,15.56,1000
2020-10-23T03:11,15.55,15.55,15.55,15.55,1100
2020-10-23T03:25,15.52,15.52,15.52,15.52,330
2020-10-23T03:35,15.53,15.53,15.53,15.53,1000
2020-10-23T03:42,15.48,15.48,15.48,15.48,82800
2020-10-23T03:54,15.48,15.48,15.48,15.48,200
2020-10-23T04:06,15.55,15.55,15.55,15.55,90
2020-10-23T04:12,15.54,15.54,15.54,15.54,1000
2020-10-23T04:27,15.56,15.56,15.56,15.56,12660
2020-10-23T06:00,15.6,15.6,15.56,15.56,2000
2020-10-23T06:31,15.56,15.56,15.56,15.56,10
2020-10-23T06:45,15.56,15.56,15.56,15.56,1580
2020-10-23T06:54,15.55,15.55,15.55,15.55,10
2020-10-23T06:55,15.57,15.57,15.53,15.53,50
2020-10-23T06:59,15.53,15.53,15.53,15.53,50
2020-10-23T07:09,15.52,15.52,15.5,15.5,70
2020-10-23T07:13,15.54,15.54,15.54,15.54,30
2020-10-23T07:14,15.56,15.56,15.56,15.56,13000
2020-10-23T07:15,15.58,15.58,15.58,15.58,203580
2020-10-23T07:20,15.58,15.58,15.58,15.58,10
2020-10-23T07:22,15.56,15.56,15.56,15.56,100
2020-10-23T07:24,15.6,15.6,15.6,15.6,11000
2020-10-23T07:46,15.62,15.62,15.62,15.62,1110
